"","from","to","time","support","generations"
"1",NA,1,-1,NA,NA
"2",1,2,13,0.956043956043956,2
"3",2,3,17,0.346653346653347,1
"4",3,4,17,0.331668331668332,1
"5",2,5,17,0.335664335664336,1
"6",3,6,19,0.300699300699301,1
"7",6,7,20,0.445554445554446,1
"8",9,8,27,0.311688311688312,1
"9",8,9,27,0.307692307692308,1
"10",9,10,27,0.31968031968032,1
"11",10,11,29,0.272727272727273,1
"12",9,12,29,0.271728271728272,1
"13",11,13,31,0.32967032967033,1
"14",12,14,31,0.327672327672328,1
"15",14,15,32,0.383616383616384,1
"16",15,16,34,0.324675324675325,1
"17",15,17,34,0.302697302697303,1
"18",15,18,34,0.291708291708292,1
"19",18,19,35,0.251748251748252,1
"20",19,20,36,0.165834165834166,1
"21",19,21,36,0.163836163836164,1
"22",19,22,36,0.141858141858142,1
"23",19,23,36,0.157842157842158,1
"24",19,24,36,0.158841158841159,1
"25",19,25,36,0.136863136863137,1
"26",19,26,36,0.176823176823177,1
"27",19,27,36,0.143856143856144,1
"28",21,28,37,0.0959040959040959,1
"29",24,29,37,0.102897102897103,1
"30",27,30,37,0.0979020979020979,1
"31",21,31,37,0.0989010989010989,1
"32",24,32,37,0.103896103896104,1
"33",22,33,37,0.0919080919080919,1
"34",33,34,38,0.0829170829170829,1
"35",32,35,38,0.0859140859140859,1
"36",28,36,38,0.0869130869130869,1
"37",29,37,38,0.0859140859140859,1
"38",32,38,38,0.0829170829170829,1
"39",28,39,38,0.0889110889110889,1
"40",34,40,39,0.0769230769230769,1
"41",36,41,39,0.0829170829170829,1
"42",35,42,39,0.0789210789210789,1
"43",38,43,39,0.0799200799200799,1
"44",37,44,39,0.0739260739260739,1
"45",40,45,40,0.0849150849150849,1
"46",41,46,40,0.0809190809190809,1
"47",40,47,40,0.0809190809190809,1
"48",41,48,40,0.0809190809190809,1
"49",47,49,41,0.0999000999000999,1
"50",46,50,41,0.0969030969030969,1
"51",46,51,41,0.0919080919080919,1
"52",50,52,42,0.130869130869131,1
"53",49,53,42,0.123876123876124,1
"54",50,54,42,0.10989010989011,1
"55",53,55,43,0.128871128871129,1
"56",53,56,43,0.137862137862138,1
"57",52,57,43,0.128871128871129,1
"58",55,58,45,0.121878121878122,1
"59",56,59,45,0.124875124875125,1
"60",56,60,45,0.113886113886114,1
"61",59,61,46,0.215784215784216,1
"62",60,62,46,0.252747252747253,1
"63",62,63,48,0.100899100899101,1
"64",61,64,48,0.101898101898102,1
"65",61,65,48,0.0969030969030969,1
"66",61,66,48,0.111888111888112,1
"67",61,67,48,0.103896103896104,1
"68",61,68,48,0.0949050949050949,1
"69",62,69,48,0.103896103896104,1
"70",62,70,48,0.10989010989011,1
"71",61,71,48,0.105894105894106,1
"72",61,72,48,0.111888111888112,1
"73",61,73,48,0.102897102897103,1
"74",72,74,49,0.0689310689310689,1
"75",70,75,49,0.0659340659340659,1
"76",65,76,49,0.0719280719280719,1
"77",71,77,49,0.0699300699300699,1
"78",72,78,49,0.0679320679320679,1
"79",67,79,49,0.0649350649350649,1
"80",64,80,49,0.0609390609390609,1
"81",66,81,49,0.0649350649350649,1
"82",71,82,49,0.0629370629370629,1
"83",71,83,49,0.0669330669330669,1
"84",64,84,49,0.0669330669330669,1
"85",72,85,49,0.0579420579420579,1
"86",79,86,50,0.0649350649350649,1
"87",80,87,50,0.0559440559440559,1
"88",85,88,50,0.051948051948052,1
"89",85,89,50,0.0549450549450549,1
"90",75,90,50,0.0589410589410589,1
"91",81,91,50,0.0569430569430569,1
"92",75,92,50,0.0529470529470529,1
"93",80,93,50,0.0569430569430569,1
"94",88,94,51,0.0549450549450549,1
"95",87,95,51,0.0629370629370629,1
"96",90,96,51,0.0639360639360639,1
"97",88,97,51,0.0639360639360639,1
"98",96,98,52,0.0529470529470529,1
"99",97,99,52,0.0719280719280719,1
"100",95,100,52,0.0649350649350649,1
"101",97,101,52,0.0539460539460539,1
"102",97,102,52,0.0639360639360639,1
"103",97,103,52,0.0559440559440559,1
"104",97,104,52,0.051948051948052,1
"105",97,105,52,0.046953046953047,1
"106",97,106,52,0.0609390609390609,1
"107",95,107,52,0.0549450549450549,1
"108",102,108,53,0.0649350649350649,1
"109",100,109,53,0.0629370629370629,1
"110",102,110,53,0.0659340659340659,1
"111",102,111,53,0.0599400599400599,1
"112",104,112,53,0.0629370629370629,1
"113",114,113,56,0.0789210789210789,1
"114",110,114,55,0.0679320679320679,1
"115",108,115,56,0.0689310689310689,1
"116",113,116,57,0.146853146853147,1
"117",115,117,57,0.143856143856144,1
"118",115,118,57,0.155844155844156,1
"119",113,119,57,0.133866133866134,1
"120",115,120,57,0.125874125874126,1
"121",116,121,58,0.126873126873127,1
"122",119,122,58,0.117882117882118,1
"123",118,123,58,0.127872127872128,1
"124",123,124,59,0.126873126873127,1
"125",123,125,59,0.120879120879121,1
"126",121,126,59,0.102897102897103,1
"127",123,127,59,0.101898101898102,1
"128",121,128,59,0.104895104895105,1
"129",124,129,61,0.135864135864136,1
"130",129,130,63,0.317682317682318,1
"131",129,131,63,0.2997002997003,1
"132",130,132,64,0.228771228771229,1
"133",131,133,64,0.217782217782218,1
"134",131,134,64,0.202797202797203,1
"135",131,135,64,0.242757242757243,1
"136",134,136,65,0.152847152847153,1
"137",135,137,65,0.128871128871129,1
"138",135,138,65,0.13986013986014,1
"139",133,139,65,0.133866133866134,1
"140",134,140,65,0.128871128871129,1
"141",140,141,66,0.118881118881119,1
"142",140,142,66,0.125874125874126,1
"143",139,143,66,0.120879120879121,1
"144",138,144,66,0.121878121878122,1
"145",144,145,67,0.0839160839160839,1
"146",144,146,67,0.0969030969030969,1
"147",141,147,67,0.0909090909090909,1
"148",142,148,67,0.0919080919080919,1
"149",142,149,67,0.0999000999000999,1
"150",144,150,67,0.101898101898102,1
"151",144,151,67,0.0949050949050949,1
"152",150,152,69,0.103896103896104,1
"153",149,153,69,0.0909090909090909,1
"154",153,154,70,0.191808191808192,1
"155",152,155,70,0.20979020979021,1
"156",155,156,71,0.232767232767233,1
"157",156,157,73,0.147852147852148,1
"158",156,158,73,0.130869130869131,1
"159",156,159,73,0.182817182817183,1
"160",156,160,73,0.158841158841159,1
"161",156,161,73,0.137862137862138,1
"162",156,162,73,0.122877122877123,1
"163",156,163,73,0.164835164835165,1
"164",163,164,74,0.124875124875125,1
"165",163,165,74,0.132867132867133,1
"166",164,166,75,0.155844155844156,1
"167",164,167,75,0.145854145854146,1
"168",166,168,76,0.124875124875125,1
"169",166,169,76,0.116883116883117,1
"170",166,170,76,0.151848151848152,1
"171",167,171,76,0.0939060939060939,1
"172",166,172,76,0.124875124875125,1
"173",166,173,76,0.118881118881119,1
"174",173,174,77,0.11988011988012,1
"175",169,175,77,0.123876123876124,1
"176",174,176,78,0.127872127872128,1
"177",175,177,78,0.118881118881119,1
"178",175,178,78,0.113886113886114,1
"179",174,179,78,0.128871128871129,1
"180",175,180,78,0.137862137862138,1
"181",180,181,79,0.133866133866134,1
"182",181,182,80,0.121878121878122,1
"183",181,183,80,0.111888111888112,1
"184",181,184,80,0.105894105894106,1
"185",181,185,80,0.0969030969030969,1
"186",181,186,80,0.112887112887113,1
"187",181,187,80,0.115884115884116,1
"188",181,188,80,0.0869130869130869,1
"189",186,189,81,0.10989010989011,1
"190",183,190,81,0.0999000999000999,1
"191",186,191,81,0.101898101898102,1
"192",191,192,82,0.165834165834166,1
"193",190,193,82,0.137862137862138,1
"194",193,194,83,0.117882117882118,1
"195",192,195,83,0.143856143856144,1
"196",194,196,84,0.0969030969030969,1
"197",194,197,84,0.0919080919080919,1
"198",195,198,84,0.0809190809190809,1
"199",195,199,84,0.0959040959040959,1
"200",195,200,84,0.0789210789210789,1
"201",195,201,84,0.0869130869130869,1
"202",195,202,84,0.105894105894106,1
"203",194,203,84,0.0899100899100899,1
"204",195,204,84,0.0989010989010989,1
"205",195,205,84,0.105894105894106,1
"206",192,206,84,0.0909090909090909,1
"207",202,207,86,0.0809190809190809,1
"208",202,208,86,0.0769230769230769,1
"209",197,209,86,0.0649350649350649,1
"210",209,210,87,0.143856143856144,1
"211",207,211,87,0.133866133866134,1
"212",207,212,87,0.0949050949050949,1
"213",207,213,87,0.118881118881119,1
"214",210,214,88,0.146853146853147,1
"215",214,215,89,0.161838161838162,1
"216",214,216,88,0.121878121878122,1
"217",214,217,88,0.120879120879121,1
"218",214,218,89,0.161838161838162,1
"219",208,219,94,0.0869130869130869,1
"220",219,220,96,0.463536463536464,1
"221",220,221,99,0.290709290709291,1
"222",220,222,99,0.274725274725275,1
"223",220,223,99,0.287712287712288,1
"224",223,224,101,0.23976023976024,1
"225",223,225,101,0.245754245754246,1
"226",225,226,102,0.344655344655345,1
"227",220,227,100,0.244755244755245,1
"228",229,228,110,0.391608391608392,1
"229",228,229,110,0.400599400599401,1
"230",228,230,111,0.451548451548452,1
"231",230,231,112,0.511488511488511,1
"232",231,232,114,0.358641358641359,1
"233",231,233,114,0.403596403596404,1
"234",233,234,115,0.408591408591409,1
"235",232,235,122,0.263736263736264,1
"236",235,236,124,0.635364635364635,1
"237",236,237,125,0.503496503496504,1
