Start Date,Province,Susceptible,Cases,Deaths,Killed and Disposed of,Slaughtered/ Killed for commercial use
6/12/2008,Moulay Yacoub,40,40,6,34,0
6/26/2008,Benslimane,500,32,16,0,0
6/30/2008,Al Hoceima,439,150,50,0,0
6/30/2008,Meknes,360,177,13,0,0
6/30/2008,Moulay Yacoub,470,18,8,0,0
7/2/2008,Ouezzane,240,23,11,0,0
7/3/2008,Moulay Yacoub,124,8,5,0,0
7/10/2008,Berrechid,260,34,4,0,0
7/10/2008,Guercif,70,10,5,0,0
7/10/2008,Taza,15,6,1,0,0
7/12/2008,Berrechid,94,60,5,0,0
7/12/2008,Guercif,1050,16,11,0,0
7/14/2008,Ifrane,226,36,7,0,0
7/15/2008,Al Hoceima,60,15,5,0,0
7/17/2008,Fquih Ben Saleh,82,16,1,0,0
7/17/2008,Khenifra,92,13,1,0,0
7/18/2008,Ifrane,65,5,1,0,0
7/19/2008,Fes,220,9,2,0,0
7/19/2008,Khenifra,758,145,86,0,0
7/19/2008,Midelt,28,5,2,0,0
7/20/2008,Benslimane,1100,75,47,0,0
7/20/2008,Berkane,60,5,0,0,0
7/20/2008,Fquih Ben Saleh,115,21,1,0,0
7/20/2008,Khenifra,100,4,4,0,0
7/20/2008,Sefrou,51,10,5,0,0
7/21/2008,Berkane,153,14,10,0,0
7/21/2008,Guercif,61,19,7,0,0
7/21/2008,Ifrane,724,16,5,0,0
7/21/2008,Meknes,50,2,0,0,0
7/21/2008,Midelt,188,6,0,0,0
7/21/2008,Mediouna,376,73,38,0,0
7/22/2008,Benslimane,800,202,140,0,0
7/22/2008,Fquih Ben Saleh,120,22,12,0,0
7/22/2008,Midelt,517,3,0,0,0
7/22/2008,Sidi Bennour,208,62,50,0,0
7/22/2008,Taounate,80,14,0,0,0
7/23/2008,Benslimane,4000,436,406,0,0
7/23/2008,El Hajeb,53,53,2,0,0
7/23/2008,Khenifra,45,23,3,0,0
7/24/2008,Benslimane,300,13,7,0,0
7/24/2008,Berkane,73,13,10,0,0
7/24/2008,Ifrane,170,27,2,0,0
7/24/2008,Moulay Yacoub,50,9,0,0,0
7/25/2008,Benslimane,930,22,15,0,0
7/25/2008,Khenifra,54,7,0,0,0
7/25/2008,Midelt,355,3,0,0,0
7/25/2008,Moulay Yacoub,69,7,0,0,0
7/25/2008,Sefrou,348,14,4,0,0
7/26/2008,Al Hoceima,18,5,2,0,0
7/26/2008,Benslimane,500,123,73,0,0
7/26/2008,Ifrane,200,30,3,0,0
7/27/2008,Benslimane,205,3,0,0,0
7/28/2008,Benslimane,710,215,200,0,0
7/28/2008,Chefchaouen,91,51,30,0,0
7/28/2008,El Hajeb,44,20,2,0,0
7/29/2008,Ifrane,720,33,7,0,0
7/31/2008,Berkane,200,20,12,0,0
7/31/2008,Chichaoua,115,18,8,0,0
7/31/2008,Fquih Ben Saleh,48,13,3,0,0
7/31/2008,Ifrane,275,17,0,0,0
7/31/2008,Midelt,317,10,1,0,0
7/31/2008,Oujda Angad,255,10,2,0,0
7/31/2008,Taounate,1010,31,10,0,0
7/31/2008,Tetouan,130,23,8,0,0
8/1/2008,Azilal,52,35,19,0,0
8/1/2008,Benslimane,100,5,2,0,0
8/1/2008,Berkane,41,10,0,0,0
8/1/2008,El Hajeb,78,17,5,0,0
8/1/2008,Fquih Ben Saleh,78,22,2,0,0
8/1/2008,Ifrane,506,5,0,0,0
8/1/2008,Larache,106,8,2,0,0
8/1/2008,Midelt,232,7,2,0,0
8/1/2008,Moulay Yacoub,80,14,8,0,0
8/1/2008,Settat,75,3,3,0,0
8/2/2008,Azilal,21,8,5,0,0
8/2/2008,Benslimane,640,152,32,0,0
8/2/2008,El Hajeb,11,3,0,0,0
8/2/2008,Fes,60,6,4,0,0
8/2/2008,Ifrane,168,4,0,0,0
8/2/2008,Larache,22,3,1,0,0
8/3/2008,Azilal,8,1,0,0,0
8/3/2008,Ifrane,200,30,0,0,0
8/3/2008,Khemisset,49,30,2,0,0
8/3/2008,Moulay Yacoub,88,19,7,0,0
8/3/2008,Taroudant,400,170,45,0,0
8/4/2008,El Kelaa des Sraghna,140,26,20,0,0
8/4/2008,Ifrane,489,29,0,0,0
8/4/2008,Khenifra,91,10,2,0,0
8/4/2008,Midelt,428,3,0,0,0
8/4/2008,Moulay Yacoub,255,11,4,0,0
8/4/2008,Skhirat Temara,1000,410,160,0,0
8/4/2008,Sefrou,100,11,7,0,0
8/4/2008,Taroudant,108,36,14,0,0
8/5/2008,Khenifra,457,30,8,0,0
8/5/2008,Moulay Yacoub,45,6,0,0,0
8/5/2008,Taourirt,103,3,3,0,0
8/8/2008,Al Hoceima,75,23,15,0,0
8/8/2008,Azilal,19,3,3,0,0
8/8/2008,Chefchaouen,12,3,0,0,0
8/8/2008,Fquih Ben Saleh,251,12,6,0,0
8/9/2008,Azilal,17,3,2,0,0
8/9/2008,Ifrane,72,49,42,0,0
8/9/2008,Meknes,89,4,0,0,0
8/9/2008,Skhirat Temara,300,19,14,0,0
8/9/2008,Taounate,12,4,0,0,0
8/10/2008,Chichaoua,50,13,0,0,0
8/10/2008,Ifrane,80,7,4,0,0
8/10/2008,Sefrou,83,15,0,0,0
8/11/2008,Ifrane,382,85,50,0,0
8/11/2008,Khouribga,71,26,12,0,0
8/11/2008,Larache,140,33,14,0,0
8/11/2008,Sidi Slimane,44,1,0,0,0
8/11/2008,Skhirat Temara,195,6,4,0,0
8/13/2008,Sefrou,25,1,0,0,0
8/15/2008,Benslimane,500,50,19,0,0
8/15/2008,Sefrou,203,35,30,0,0
8/16/2008,Rhamna,140,40,25,0,0
8/16/2008,Sidi Bennour,125,11,7,0,0
8/16/2008,Sefrou,375,46,16,0,0
8/17/2008,Khenifra,420,15,9,0,0
8/17/2008,Oujda Angad,116,19,12,0,0
8/17/2008,Skhirat Temara,317,63,39,0,0
8/18/2008,Jerada,25,1,1,0,0
8/18/2008,Khenifra,168,42,21,0,0
8/18/2008,Oujda Angad,390,7,0,0,0
8/19/2008,Chtouka Ait Baha,238,56,30,0,0
8/19/2008,Khouribga,624,104,50,0,0
8/19/2008,Khenifra,125,18,7,0,0
8/19/2008,Sefrou,64,15,7,0,0
8/21/2008,Khenifra,235,15,15,0,0
8/22/2008,Khenifra,58,2,2,0,0
8/22/2008,Midelt,124,7,2,0,0
8/23/2008,Larache,205,44,14,0,0
8/25/2008,Al Hoceima,22,6,5,0,0
8/25/2008,Fquih Ben Saleh,325,22,9,0,0
8/25/2008,Khemisset,303,47,3,0,0
8/25/2008,Rhamna,205,47,45,0,0
8/25/2008,Taroudant,30,3,0,0,0
8/26/2008,Khenifra,257,13,5,0,0
8/26/2008,Meknes,66,10,7,0,0
8/27/2008,Al Hoceima,20,2,2,0,0
8/27/2008,Berkane,302,14,2,0,0
8/27/2008,Khenifra,2,0,0,0,0
8/28/2008,Al Hoceima,53,16,11,0,0
8/28/2008,Khenifra,111,50,25,0,0
8/28/2008,Settat,281,2,0,0,0
8/29/2008,Al Hoceima,42,8,4,0,0
8/29/2008,Khenifra,125,20,10,0,0
8/29/2008,Taourirt,122,5,4,0,0
8/30/2008,Al Hoceima,16,4,2,0,0
8/30/2008,Boulemane,248,58,6,0,0
8/30/2008,Khenifra,231,6,1,0,0
8/31/2008,Khenifra,1120,10,1,0,0
9/1/2008,Berkane,61,19,16,0,0
9/1/2008,Fquih Ben Saleh,1492,14,0,0,0
9/1/2008,Khenifra,80,4,2,0,0
9/1/2008,Midelt,240,6,2,0,0
9/1/2008,Rhamna,200,41,36,0,0
9/1/2008,Settat,50,1,0,0,0
9/2/2008,Jerada,17,2,1,0,0
9/2/2008,Midelt,306,7,1,0,0
9/2/2008,Oujda Angad,189,1,0,0,0
9/3/2008,Boulemane,73,5,0,0,0
9/3/2008,Midelt,82,17,6,0,0
9/4/2008,Azilal,44,8,6,0,0
9/4/2008,Midelt,128,16,5,0,0
9/5/2008,Chichaoua,227,51,0,0,0
9/5/2008,Khenifra,284,54,25,0,0
9/5/2008,Larache,71,33,14,0,0
9/5/2008,Oujda Angad,859,23,13,0,0
9/7/2008,Guercif,215,13,1,0,0
9/7/2008,Kenitra,70,4,0,0,0
9/7/2008,Rhamna,69,13,7,0,0
9/8/2008,Kenitra,248,8,6,0,0
9/8/2008,Ouezzane,14,3,0,0,0
9/8/2008,Sidi Kacem,215,1,0,0,0
9/9/2008,Khemisset,260,12,2,0,0
9/10/2008,Casablanca,14,1,1,0,0
9/10/2008,Chichaoua,118,19,6,0,0
9/10/2008,Sefrou,27,12,0,0,0
9/15/2008,Berkane,170,8,2,0,0
9/17/2008,Berrechid,162,10,8,0,0
9/20/2008,Boulemane,60,2,0,0,0
9/20/2008,Khenifra,87,11,1,0,0
9/22/2008,Marrakech,850,30,30,0,0
9/22/2008,Taza,256,8,3,0,0
9/24/2008,Kenitra,59,3,2,0,0
9/27/2008,Khemisset,66,9,3,0,0
10/1/2008,Khenifra,23,2,0,0,0
10/1/2008,Rabat,18,7,1,0,0
10/2/2008,Fquih Ben Saleh,120,1,0,0,0
10/3/2008,Beni Mellal,4,1,0,0,0
10/5/2008,Boulemane,239,48,27,0,0
10/5/2008,Fquih Ben Saleh,220,14,6,0,0
10/7/2008,Fquih Ben Saleh,400,2,0,0,0
10/10/2008,Fquih Ben Saleh,170,4,3,0,0
10/13/2008,Taounate,124,8,0,0,0
10/15/2008,Fquih Ben Saleh,314,1,1,0,0
10/22/2008,Boulemane,423,70,18,0,0
