Start Date,Province,Commune Rurale,Susceptible,Cases,Deaths,Killed and Disposed of,Slaughtered/ Killed for commercial use
6/12/2008,Moulay Yacoub,Ain Chkef,40,40,6,34,0
6/26/2008,Benslimane,Sidi Bettache,500,32,16,0,0
6/30/2008,Al Hoceima,Moulay Ahmed Cherif,439,150,50,0,0
6/30/2008,Meknes,Ouislane,360,177,13,0,0
6/30/2008,Moulay Yacoub,Ain Kansra,470,18,8,0,0
7/2/2008,Ouezzane,Ouazzane,240,23,11,0,0
7/3/2008,Moulay Yacoub,Ain Kansra,124,8,5,0,0
7/10/2008,Berrechid,Sahel Oulad H'Riz,260,34,4,0,0
7/10/2008,Guercif,Houara Oulad Raho,70,10,5,0,0
7/10/2008,Taza,Matmata,15,6,1,0,0
7/12/2008,Berrechid,Had Soualem,94,60,5,0,0
7/12/2008,Guercif,Houara Oulad Raho,1050,16,11,0,0
7/14/2008,Ifrane,Ben Smim,100,27,4,0,0
7/14/2008,Ifrane,Sidi El Makhfi,126,9,3,0,0
7/15/2008,Al Hoceima,Sidi Boutmim,60,15,5,0,0
7/17/2008,Fquih Ben Saleh,Oulad Zmam,82,16,1,0,0
7/17/2008,Khenifra,Aguelmouss,92,13,1,0,0
7/18/2008,Ifrane,Dayat Aoua,65,5,1,0,0
7/19/2008,Fes,Fes Medina,220,9,2,0,0
7/19/2008,Khenifra,Aguelmouss,703,131,86,0,0
7/19/2008,Khenifra,Tighassaline,55,14,0,0,0
7/19/2008,Midelt,Aghbalou,28,5,2,0,0
7/20/2008,Benslimane,Sidi Bettache,1100,75,47,0,0
7/20/2008,Berkane,Aghbal,60,5,0,0,0
7/20/2008,Fquih Ben Saleh,Bni Oukil,115,21,1,0,0
7/20/2008,Khenifra,El Hammam,100,4,4,0,0
7/20/2008,Sefrou,Aghbalou Aqorar,51,10,5,0,0
7/21/2008,Berkane,Aghbal,153,14,10,0,0
7/21/2008,Guercif,Lamrija,61,19,7,0,0
7/21/2008,Ifrane,Ain Leuh,724,16,5,0,0
7/21/2008,Meknes,Moulay Idriss Zarhoun,50,2,0,0,0
7/21/2008,Midelt,Aghbalou,188,6,0,0,0
7/21/2008,Mediouna,Sidi Hajjaj Oued Hassar,376,73,38,0,0
7/22/2008,Benslimane,Sidi Bettache,800,202,140,0,0
7/22/2008,Fquih Ben Saleh,Khmis Bni Chegdale,120,22,12,0,0
7/22/2008,Midelt,Aghbalou,517,3,0,0,0
7/22/2008,Sidi Bennour,Koudiat Bni Dghough,208,62,50,0,0
7/22/2008,Taounate,Oued Jemaa,80,14,0,0,0
7/23/2008,Benslimane,Sidi Bettache,4000,436,406,0,0
7/23/2008,El Hajeb,Ait Naamane,53,53,2,0,0
7/23/2008,Khenifra,Aguelmouss,45,23,3,0,0
7/24/2008,Benslimane,Sidi Bettache,300,13,7,0,0
7/24/2008,Berkane,Aghbal,73,13,10,0,0
7/24/2008,Ifrane,Ben Smim,170,27,2,0,0
7/24/2008,Moulay Yacoub,Ain Chkef,23,7,0,0,0
7/24/2008,Moulay Yacoub,Oulad Mimoun,27,2,0,0,0
7/25/2008,Benslimane,Sidi Bettache,930,22,15,0,0
7/25/2008,Khenifra,Aguelmouss,54,7,0,0,0
7/25/2008,Midelt,Aghbalou,355,3,0,0,0
7/25/2008,Moulay Yacoub,Ain Kansra,69,7,0,0,0
7/25/2008,Sefrou,Aghbalou Aqorar,348,14,4,0,0
7/26/2008,Al Hoceima,Beni Boufrah,18,5,2,0,0
7/26/2008,Benslimane,Sidi Bettache,500,123,73,0,0
7/26/2008,Ifrane,Timahdite,200,30,3,0,0
7/27/2008,Benslimane,Sidi Bettache,205,3,0,0,0
7/28/2008,Benslimane,Sidi Bettache,710,215,200,0,0
7/28/2008,Chefchaouen,Bni Faghloum,67,36,17,0,0
7/28/2008,Chefchaouen,Chefchaouen,24,15,13,0,0
7/28/2008,El Hajeb,Ait Boubidmane,44,20,2,0,0
7/29/2008,Ifrane,Timahdite,720,33,7,0,0
7/31/2008,Berkane,Zegzel,200,20,12,0,0
7/31/2008,Chichaoua,Oued L'Bour,115,18,8,0,0
7/31/2008,Fquih Ben Saleh,Oulad Zmam,48,13,3,0,0
7/31/2008,Ifrane,Timahdite,275,17,0,0,0
7/31/2008,Midelt,Aghbalou,317,10,1,0,0
7/31/2008,Oujda Angad,Oujda,20,4,0,0,0
7/31/2008,Oujda Angad,Sidi Moussa Lamhaya,235,6,2,0,0
7/31/2008,Taounate,Bni Snous,800,5,0,0,0
7/31/2008,Taounate,Mezraoua,210,26,10,0,0
7/31/2008,Tetouan,Tetouan,130,23,8,0,0
8/1/2008,Azilal,Sidi Yacoub,52,35,19,0,0
8/1/2008,Benslimane,Bouznika,100,5,2,0,0
8/1/2008,Berkane,Bougriba,41,10,0,0,0
8/1/2008,El Hajeb,Ait Naamane,78,17,5,0,0
8/1/2008,Fquih Ben Saleh,Bni Oukil,78,22,2,0,0
8/1/2008,Ifrane,Timahdite,506,5,0,0,0
8/1/2008,Larache,Souk L'Qolla,106,8,2,0,0
8/1/2008,Midelt,Aghbalou,232,7,2,0,0
8/1/2008,Moulay Yacoub,Sebaa Rouadi,80,14,8,0,0
8/1/2008,Settat,Sidi Hajjaj,75,3,3,0,0
8/2/2008,Azilal,Sidi Yacoub,21,8,5,0,0
8/2/2008,Benslimane,Oulad Yahya Louta,140,29,12,0,0
8/2/2008,Benslimane,Sidi Bettache,500,123,20,0,0
8/2/2008,El Hajeb,Ait Naamane,11,3,0,0,0
8/2/2008,Fes,Aï¿½ï¿½ï¿,60,6,4,0,0
8/2/2008,Ifrane,Ain Leuh,148,2,0,0,0
8/2/2008,Ifrane,Sidi El Makhfi,20,2,0,0,0
8/2/2008,Larache,Souk L'Qolla,22,3,1,0,0
8/3/2008,Azilal,Sidi Yacoub,8,1,0,0,0
8/3/2008,Ifrane,Timahdite,200,30,0,0,0
8/3/2008,Khemisset,El Kansera,49,30,2,0,0
8/3/2008,Moulay Yacoub,Ain Bou Ali,88,19,7,0,0
8/3/2008,Taroudant,Igoudar Mnabha,400,170,45,0,0
8/4/2008,El Kelaa des Sraghna,Oulad Zarrad,140,26,20,0,0
8/4/2008,Ifrane,Sidi El Makhfi,201,3,0,0,0
8/4/2008,Ifrane,Timahdite,288,26,0,0,0
8/4/2008,Khenifra,El Hammam,91,10,2,0,0
8/4/2008,Midelt,Aghbalou,428,3,0,0,0
8/4/2008,Moulay Yacoub,Ain Kansra,195,9,4,0,0
8/4/2008,Moulay Yacoub,Louadaine,60,2,0,0,0
8/4/2008,Skhirat Temara,Sidi Yahya Zaer,1000,410,160,0,0
8/4/2008,Sefrou,Ait Sebaa Lajrouf,100,11,7,0,0
8/4/2008,Taroudant,Ouled Teima,108,36,14,0,0
8/5/2008,Khenifra,Ait Saadelli,417,13,2,0,0
8/5/2008,Khenifra,El Borj,40,17,6,0,0
8/5/2008,Moulay Yacoub,Louadaine,45,6,0,0,0
8/5/2008,Taourirt,Ain Lehjer,103,3,3,0,0
8/8/2008,Al Hoceima,Beni Boufrah,75,23,15,0,0
8/8/2008,Azilal,Sidi Yacoub,19,3,3,0,0
8/8/2008,Chefchaouen,Chefchaouen,12,3,0,0,0
8/8/2008,Fquih Ben Saleh,Bni Oukil,251,12,6,0,0
8/9/2008,Azilal,Sidi Yacoub,17,3,2,0,0
8/9/2008,Ifrane,Oued Ifrane,72,49,42,0,0
8/9/2008,Meknes,Ain Karma- Oued Rommane,89,4,0,0,0
8/9/2008,Skhirat Temara,Sidi Yahya Zaer,300,19,14,0,0
8/9/2008,Taounate,Rghioua,12,4,0,0,0
8/10/2008,Chichaoua,Lamzoudia,50,13,0,0,0
8/10/2008,Ifrane,Tigrigra,80,7,4,0,0
8/10/2008,Sefrou,Aghbalou Aqorar,83,15,0,0,0
8/11/2008,Ifrane,Ben Smim,382,85,50,0,0
8/11/2008,Khouribga,Oulad Boughadi,71,26,12,0,0
8/11/2008,Larache,Souk L'Qolla,140,33,14,0,0
8/11/2008,Sidi Slimane,Boumaiz,44,1,0,0,0
8/11/2008,Skhirat Temara,Ain Attig,195,6,4,0,0
8/13/2008,Sefrou,Ait Sebaa Lajrouf,25,1,0,0,0
8/15/2008,Benslimane,Moualine El Oued,500,50,19,0,0
8/15/2008,Sefrou,Laanoussar,203,35,30,0,0
8/16/2008,Rhamna,Labrikiyne,140,40,25,0,0
8/16/2008,Sidi Bennour,Laaounate,125,11,7,0,0
8/16/2008,Sefrou,Laanoussar,375,46,16,0,0
8/17/2008,Khenifra,Aguelmouss,150,8,7,0,0
8/17/2008,Khenifra,Ait Saadelli,270,7,2,0,0
8/17/2008,Oujda Angad,Bni Khaled,116,19,12,0,0
8/17/2008,Skhirat Temara,Ain Attig,317,63,39,0,0
8/18/2008,Jerada,Guenfouda,25,1,1,0,0
8/18/2008,Khenifra,Aguelmouss,168,42,21,0,0
8/18/2008,Oujda Angad,Ain Sfa,145,1,0,0,0
8/18/2008,Oujda Angad,Sidi Moussa Lamhaya,245,6,0,0,0
8/19/2008,Chtouka Ait Baha,Ouad Essafa,96,35,12,0,0
8/19/2008,Chtouka Ait Baha,Sidi Bibi,142,21,18,0,0
8/19/2008,Khouribga,Bni Ykhlef,9,1,0,0,0
8/19/2008,Khouribga,Lagnadiz,395,101,50,0,0
8/19/2008,Khouribga,Oulad Abdoune,220,2,0,0,0
8/19/2008,Khenifra,Aguelmouss,125,18,7,0,0
8/19/2008,Sefrou,Kandar Sidi Khiar,64,15,7,0,0
8/21/2008,Khenifra,Aguelmouss,235,15,15,0,0
8/22/2008,Khenifra,El Hammam,58,2,2,0,0
8/22/2008,Midelt,Aghbalou,124,7,2,0,0
8/23/2008,Larache,Zouada,205,44,14,0,0
8/25/2008,Al Hoceima,Issaguen,22,6,5,0,0
8/25/2008,Fquih Ben Saleh,Fkih Ben Salah,58,5,0,0,0
8/25/2008,Fquih Ben Saleh,Krifate,213,12,7,0,0
8/25/2008,Fquih Ben Saleh,Oulad Zmam,54,5,2,0,0
8/25/2008,Khemisset,Brachoua,303,47,3,0,0
8/25/2008,Rhamna,Jaafra,205,47,45,0,0
8/25/2008,Taroudant,Arazene,30,3,0,0,0
8/26/2008,Khenifra,El Hammam,257,13,5,0,0
8/26/2008,Meknes,Majjate,66,10,7,0,0
8/27/2008,Al Hoceima,Issaguen,20,2,2,0,0
8/27/2008,Berkane,Aghbal,302,14,2,0,0
8/27/2008,Khenifra,Aguelmouss,2,0,0,0,0
8/28/2008,Al Hoceima,Issaguen,53,16,11,0,0
8/28/2008,Khenifra,Aguelmouss,111,50,25,0,0
8/28/2008,Settat,Guisser,281,2,0,0,0
8/29/2008,Al Hoceima,Issaguen,42,8,4,0,0
8/29/2008,Khenifra,Aguelmouss,125,20,10,0,0
8/29/2008,Taourirt,Ain Lehjer,122,5,4,0,0
8/30/2008,Al Hoceima,Issaguen,16,4,2,0,0
8/30/2008,Boulemane,Almis Marmoucha,71,1,0,0,0
8/30/2008,Boulemane,Ouizeght,150,55,6,0,0
8/30/2008,Boulemane,Outat El Haj,27,2,0,0,0
8/30/2008,Khenifra,El Borj,169,4,0,0,0
8/30/2008,Khenifra,Had Bouhssoussen,62,2,1,0,0
8/31/2008,Khenifra,El Borj,1120,10,1,0,0
9/1/2008,Berkane,Bougriba,61,19,16,0,0
9/1/2008,Fquih Ben Saleh,Khmis Bni Chegdale,1492,14,0,0,0
9/1/2008,Khenifra,Aguelmouss,80,4,2,0,0
9/1/2008,Midelt,Aghbalou,240,6,2,0,0
9/1/2008,Rhamna,Oulad Hassoune Hamri,200,41,36,0,0
9/1/2008,Settat,El Borouj,50,1,0,0,0
9/2/2008,Jerada,Guenfouda,17,2,1,0,0
9/2/2008,Midelt,Aghbalou,306,7,1,0,0
9/2/2008,Oujda Angad,Ahl Angad,189,1,0,0,0
9/3/2008,Boulemane,Sidi Boutayeb,73,5,0,0,0
9/3/2008,Midelt,Sidi Yahya ou Youssef,82,17,6,0,0
9/4/2008,Azilal,Bni Ayat,44,8,6,0,0
9/4/2008,Midelt,Tanourdi,128,16,5,0,0
9/5/2008,Chichaoua,Saidate,227,51,0,0,0
9/5/2008,Khenifra,Aguelmouss,144,17,10,0,0
9/5/2008,Khenifra,Sidi Hcine,140,37,15,0,0
9/5/2008,Larache,Souk L'Qolla,71,33,14,0,0
9/5/2008,Oujda Angad,Sidi Boulenouar,386,17,13,0,0
9/5/2008,Oujda Angad,Sidi Moussa Lamhaya,473,6,0,0,0
9/7/2008,Guercif,Houara Oulad Raho,215,13,1,0,0
9/7/2008,Kenitra,Sidi Mohamed Lahmar,70,4,0,0,0
9/7/2008,Rhamna,Benguerir,69,13,7,0,0
9/8/2008,Kenitra,Lalla Mimouna,248,8,6,0,0
9/8/2008,Ouezzane,Lamjaara,14,3,0,0,0
9/8/2008,Sidi Kacem,Zaggota,215,1,0,0,0
9/9/2008,Khemisset,Ait Ikkou,260,12,2,0,0
9/10/2008,Casablanca,Sidi Bernoussi,14,1,1,0,0
9/10/2008,Chichaoua,Taouloukoult,118,19,6,0,0
9/10/2008,Sefrou,Aghbalou Aqorar,27,12,0,0,0
9/15/2008,Berkane,Madagh,170,8,2,0,0
9/17/2008,Berrechid,Lambarkiyine,162,10,8,0,0
9/20/2008,Boulemane,Enjil,60,2,0,0,0
9/20/2008,Khenifra,Oum Rabia,25,7,1,0,0
9/20/2008,Khenifra,Tighassaline,62,4,0,0,0
9/22/2008,Marrakech,M'Nabha,850,30,30,0,0
9/22/2008,Taza,Zrarda,256,8,3,0,0
9/24/2008,Kenitra,Arbaoua,59,3,2,0,0
9/27/2008,Khemisset,Maaziz,66,9,3,0,0
10/1/2008,Khenifra,Sidi Amar,23,2,0,0,0
10/1/2008,Rabat,Agdal Riyad,18,7,1,0,0
10/2/2008,Fquih Ben Saleh,Bni Oukil,120,1,0,0,0
10/3/2008,Beni Mellal,Oulad M'Barek,4,1,0,0,0
10/5/2008,Boulemane,Sidi Boutayeb,239,48,27,0,0
10/5/2008,Fquih Ben Saleh,Bni Oukil,220,14,6,0,0
10/7/2008,Fquih Ben Saleh,Bni Oukil,400,2,0,0,0
10/10/2008,Fquih Ben Saleh,Bni Oukil,170,4,3,0,0
10/13/2008,Taounate,Oulad Ayyad,124,8,0,0,0
10/15/2008,Fquih Ben Saleh,Krifate,314,1,1,0,0
10/22/2008,Boulemane,Sidi Boutayeb,423,70,18,0,0
