COMMUNE,REGION,observed_T1,predicted_mean,ci_lower,ci_upper,within_95ci,abs_error
Agdal Riyad,Rabat-Salé-Kénitra,40,41.429906542056074,33.0,49.0,True,1.4299065420560737
Aghbal,Oriental,29,33.89026437263953,28.0,46.0,True,4.890264372639528
Aghbalou,Daraâ-Tafilalet,29,33.64854041521762,27.0,46.0,True,4.648540415217617
Aghbalou Aqorar,Fés-Meknès,29,34.88676685451889,28.0,46.0,True,5.886766854518889
Aguelmouss,Béni Mellal-Khénifra,29,37.89467005076142,31.0,48.0,False,8.89467005076142
Ahl Angad,Oriental,36,33.35585444687728,27.0,46.0,True,2.644145553122719
Ain Attig,Rabat-Salé-Kénitra,33,41.002793729629055,33.0,49.0,True,8.002793729629055
Ain Bou Ali,Fés-Meknès,31,37.3621886019793,29.0,48.0,True,6.362188601979298
Ain Chkef,Fés-Meknès,24,34.72859911090847,27.0,47.0,False,10.728599110908469
Ain Kansra,Fés-Meknès,27,37.27243627741553,29.0,48.0,False,10.27243627741553
Ain Karma- Oued Rommane,Fés-Meknès,32,33.34975775693228,27.0,45.0,True,1.3497577569322772
Ain Lehjer,Oriental,32,32.77470478558111,27.0,45.0,True,0.7747047855811076
Ain Leuh,Fés-Meknès,30,35.64214543141827,28.0,47.0,True,5.642145431418271
Ain Sfa,Oriental,34,32.9500572260951,27.0,45.0,True,1.0499427739049025
Ait Boubidmane,Fés-Meknès,31,38.52592954990215,30.0,49.0,True,7.525929549902152
Ait Ikkou,Rabat-Salé-Kénitra,37,37.03161452087649,30.0,48.0,True,0.03161452087648797
Ait Naamane,Fés-Meknès,30,37.8938078291815,30.0,49.0,True,7.8938078291814975
Ait Saadelli,Béni Mellal-Khénifra,32,37.95217829544182,31.0,48.0,True,5.9521782954418185
Ait Sebaa Lajrouf,Fés-Meknès,32,36.00383672599382,29.0,47.0,True,4.003836725993821
Almis Marmoucha,Fés-Meknès,35,33.96263438054483,28.0,46.0,True,1.0373656194551728
Arazene,Souss-Massa,35,35.553903345724905,29.0,47.0,True,0.5539033457249047
Arbaoua,Rabat-Salé-Kénitra,39,36.38996181123841,30.0,47.0,True,2.6100381887615924
Aïn Bida,Fés-Meknès,31,35.48367542273743,29.0,47.0,True,4.483675422737427
Ben Smim,Fés-Meknès,29,37.21281683405069,29.0,48.0,True,8.212816834050692
Benguerir,Marrakech-Safi,36,38.9939201691779,31.0,49.0,True,2.9939201691778976
Beni Boufrah,Tanger-Tétouan-Al Hoceima,30,34.5418577370161,28.0,46.600000000000364,True,4.541857737016102
Bni Ayat,Béni Mellal-Khénifra,36,36.418008156256704,30.0,47.0,True,0.41800815625670396
Bni Faghloum,Tanger-Tétouan-Al Hoceima,31,36.93617982604767,30.0,48.0,True,5.93617982604767
Bni Khaled,Oriental,33,35.37179624664879,29.0,47.0,True,2.371796246648792
Bni Oukil,Béni Mellal-Khénifra,29,37.06299298860649,30.0,48.0,False,8.062992988606489
Bni Snous,Fés-Meknès,31,34.6448754040246,28.0,46.0,True,3.644875404024603
Bni Ykhlef,Béni Mellal-Khénifra,34,32.949590291463544,27.0,45.0,True,1.0504097085364563
Bougriba,Oriental,31,33.88476030981788,28.0,46.0,True,2.884760309817878
Boumaiz,Rabat-Salé-Kénitra,33,35.19288469781397,28.0,47.0,True,2.192884697813973
Bouznika,Casablanca-Settat,31,34.66184696569921,28.0,46.149999999999636,True,3.661846965699212
Brachoua,Rabat-Salé-Kénitra,35,38.59327628361858,31.0,48.0,True,3.5932762836185788
Chefchaouen,Tanger-Tétouan-Al Hoceima,31,38.37881974514413,30.0,48.0,True,7.378819745144128
Dayat Aoua,Fés-Meknès,29,33.12961443806399,27.0,45.0,True,4.129614438063989
El Borj,Béni Mellal-Khénifra,32,37.01338994121489,30.0,48.0,True,5.013389941214889
El Borouj,Casablanca-Settat,36,37.81815885844172,30.0,48.0,True,1.8181588584417199
El Hammam,Béni Mellal-Khénifra,29,32.54465111499332,27.0,44.0,True,3.5446511149933215
El Kansera,Rabat-Salé-Kénitra,31,37.57793324922583,30.0,48.0,True,6.577933249225829
Enjil,Fés-Meknès,38,34.08736545093531,28.0,46.0,True,3.912634549064691
Fkih Ben Salah,Béni Mellal-Khénifra,35,38.52916616962901,31.0,48.0,True,3.5291661696290078
Fés Médina,Fés-Meknès,29,41.16828158987542,32.0,49.0,False,12.16828158987542
Guenfouda,Oriental,34,32.7686969131966,27.0,45.0,True,1.2313030868034005
Guisser,Casablanca-Settat,35,34.9630539241858,29.0,46.0,True,0.03694607581419973
Had Bouhssoussen,Béni Mellal-Khénifra,35,34.0404219761855,28.0,46.0,True,0.9595780238145011
Had Soualem,Casablanca-Settat,28,40.36933010492333,32.0,49.0,False,12.369330104923328
Houara Oulad Raho,Oriental,28,34.29545934530095,28.0,46.0,True,6.295459345300948
Igoudar Mnabha,Souss-Massa,31,38.33140306430209,31.0,48.0,True,7.331403064302087
Issaguen,Tanger-Tétouan-Al Hoceima,35,37.35500172275181,30.0,48.0,True,2.3550017227518083
Jaafra,Marrakech-Safi,35,37.28542187855356,30.0,48.0,True,2.2854218785535565
Kandar Sidi Khiar,Fés-Meknès,34,37.91574380637059,30.0,48.0,True,3.9157438063705925
Khmis Bni Chegdale,Béni Mellal-Khénifra,30,38.2318207926479,31.0,48.0,False,8.231820792647902
Koudiat Bni Dghough,Casablanca-Settat,30,38.57325672499347,30.0,49.0,True,8.57325672499347
Krifate,Béni Mellal-Khénifra,35,37.39244663382594,30.0,48.0,True,2.3924466338259407
Laanoussar,Fés-Meknès,33,37.56935696499195,29.0,48.0,True,4.569356964991947
Laaounate,Casablanca-Settat,33,36.70809690091663,29.0,47.0,True,3.7080969009166296
Labrikiyne,Marrakech-Safi,33,36.19071545603495,29.0,48.0,True,3.190715456034951
Lagnadiz,Béni Mellal-Khénifra,34,38.52171136653895,31.0,48.0,True,4.521711366538952
Lalla Mimouna,Rabat-Salé-Kénitra,37,36.38050416531429,29.0,47.0,True,0.6194958346857078
Lambarkiyine,Casablanca-Settat,38,38.00440886413737,30.0,48.0,True,0.00440886413736763
Lamjaara,Tanger-Tétouan-Al Hoceima,37,35.85351369185087,29.0,47.0,True,1.1464863081491288
Lamrija,Oriental,30,34.047239134998954,28.0,46.0,True,4.047239134998954
Lamzoudia,Marrakech-Safi,32,34.159620453347394,27.100000000000023,46.0,True,2.1596204533473937
Louadaine,Fés-Meknès,32,35.74994672917111,29.0,47.0,True,3.749946729171107
M'Nabha,Marrakech-Safi,39,37.08671043694815,30.0,48.0,True,1.9132895630518476
Maaziz,Rabat-Salé-Kénitra,39,38.9704942217851,31.0,48.0,True,0.029505778214897305
Madagh,Oriental,38,36.20847084708471,29.0,47.0,True,1.7915291529152881
Majjate,Fés-Meknès,35,38.335353064553715,30.0,48.0,True,3.335353064553715
Matmata,Fés-Meknès,28,35.45340157816165,28.0,47.0,True,7.453401578161653
Mezraoua,Fés-Meknès,31,38.668217655422,30.0,49.0,True,7.668217655421998
Moualine El Oued,Casablanca-Settat,33,38.02734518700184,30.0,48.0,True,5.027345187001842
Moulay Ahmed Cherif,Tanger-Tétouan-Al Hoceima,27,39.290168502056524,31.0,49.0,False,12.290168502056524
Moulay Idriss Zarhoun,Fés-Meknès,30,40.51465576005453,31.0,49.0,False,10.51465576005453
Ouad Essafa,Souss-Massa,34,36.801564245810056,30.0,48.0,True,2.801564245810056
Ouazzane,Tanger-Tétouan-Al Hoceima,27,40.5177436851077,32.0,49.0,False,13.517743685107703
Oued Ifrane,Fés-Meknès,32,36.975083914278336,29.0,49.0,True,4.975083914278336
Oued Jemaa,Fés-Meknès,30,37.601499552372424,30.0,48.0,True,7.601499552372424
Oued L'Bour,Marrakech-Safi,31,35.65445253887137,29.0,47.0,True,4.654452538871368
Ouislane,Fés-Meknès,27,42.18970736629667,33.0,49.0,False,15.189707366296673
Ouizeght,Fés-Meknès,35,39.090137366877606,31.0,49.0,True,4.090137366877606
Oujda,Oriental,31,34.644359056462804,28.0,47.0,True,3.644359056462804
Oulad Abdoune,Béni Mellal-Khénifra,34,33.129296066252586,28.0,45.0,True,0.8707039337474143
Oulad Ayyad,Fés-Meknès,42,40.04379772367094,31.0,49.0,True,1.9562022763290585
Oulad Boughadi,Béni Mellal-Khénifra,33,36.83030037272528,30.0,48.0,True,3.830300372725283
Oulad Hassoune Hamri,Marrakech-Safi,36,37.03126050420168,30.0,48.0,True,1.0312605042016827
Oulad M'Barek,Béni Mellal-Khénifra,40,37.675944841675175,30.0,48.0,True,2.324055158324825
Oulad Mimoun,Fés-Meknès,30,33.551075548165855,27.0,45.0,True,3.551075548165855
Oulad Yahya Louta,Casablanca-Settat,31,37.05827239488117,29.0,48.0,True,6.058272394881172
Oulad Zarrad,Marrakech-Safi,32,36.17330984364678,29.0,47.0,True,4.173309843646777
Oulad Zmam,Béni Mellal-Khénifra,29,37.46152145068554,30.0,48.0,False,8.461521450685538
Ouled Teima,Souss-Massa,32,38.46362742688621,31.0,48.0,True,6.463627426886212
Oum Rabia,Béni Mellal-Khénifra,38,36.11416061512174,30.0,47.0,True,1.8858393848782598
Outat El Haj,Fés-Meknès,35,39.54867256637168,31.0,49.0,True,4.548672566371678
Rghioua,Fés-Meknès,32,37.401719197707735,30.0,48.0,True,5.401719197707735
Sahel Oulad H'Riz,Casablanca-Settat,28,37.22075647910343,29.0,48.0,False,9.220756479103429
Saidate,Marrakech-Safi,36,35.79940808944426,29.0,47.0,True,0.20059191055573677
Sebaa Rouadi,Fés-Meknès,31,36.3329386437029,29.0,48.0,True,5.332938643702903
Sidi Amar,Béni Mellal-Khénifra,40,36.87279151943463,30.0,48.0,True,3.127208480565372
Sidi Bernoussi,Casablanca-Settat,37,39.35031954254961,31.0,49.0,True,2.350319542549613
Sidi Bettache,Casablanca-Settat,26,37.442561645436484,29.0,48.0,False,11.442561645436484
Sidi Bibi,Souss-Massa,34,37.213754434145784,30.0,48.0,True,3.213754434145784
Sidi Boulenouar,Oriental,36,35.925970214153715,29.0,47.0,True,0.07402978584628528
Sidi Boutayeb,Fés-Meknès,36,35.87989696254159,29.0,47.0,True,0.12010303745840645
Sidi Boutmim,Tanger-Tétouan-Al Hoceima,29,36.0550408118244,29.0,48.0,True,7.055040811824398
Sidi El Makhfi,Fés-Meknès,29,32.55083029566626,27.0,43.0,True,3.550830295666259
Sidi Hajjaj,Casablanca-Settat,31,33.86435529485702,28.0,46.0,True,2.8643552948570203
Sidi Hajjaj Oued Hassar,Casablanca-Settat,30,38.062659195109525,30.0,48.0,True,8.062659195109525
Sidi Hcine,Béni Mellal-Khénifra,36,38.71511068334937,31.0,48.0,True,2.7151106833493728
Sidi Mohamed Lahmar,Rabat-Salé-Kénitra,36,36.21198006932409,29.0,47.0,True,0.21198006932409186
Sidi Moussa Lamhaya,Oriental,31,34.048990748528176,28.0,46.0,True,3.048990748528176
Sidi Yacoub,Béni Mellal-Khénifra,31,38.11585729626536,31.0,48.0,True,7.115857296265361
Sidi Yahya Zaer,Rabat-Salé-Kénitra,32,39.66752799310939,32.0,48.0,True,7.667527993109388
Sidi Yahya ou Youssef,Daraâ-Tafilalet,36,37.125866851595006,30.0,48.0,True,1.1258668515950063
Souk L'Qolla,Tanger-Tétouan-Al Hoceima,31,33.75330257915706,27.0,46.0,True,2.753302579157058
Taouloukoult,Marrakech-Safi,37,37.05044207662662,30.0,48.0,True,0.05044207662661648
Tighassaline,Béni Mellal-Khénifra,29,35.91580737748485,29.0,47.0,True,6.915807377484853
Tigrigra,Fés-Meknès,32,33.7788481246157,28.0,45.0,True,1.778848124615699
Timahdite,Fés-Meknès,30,35.62061948903459,28.0,48.0,True,5.620619489034588
Tétouan,Tanger-Tétouan-Al Hoceima,31,36.672975697166535,29.0,48.0,True,5.672975697166535
Zaggota,Rabat-Salé-Kénitra,37,34.616512591648075,28.0,46.0,True,2.3834874083519253
Zegzel,Oriental,31,36.75189732142857,30.0,48.0,True,5.751897321428572
Zouada,Tanger-Tétouan-Al Hoceima,34,36.70536509349955,30.0,48.0,True,2.7053650934995517
Zrarda,Fés-Meknès,39,38.56211142265025,30.0,48.0,True,0.43788857734975295
